<?xml version="1.0" encoding="utf-8"?>
	<annotation>
		<folder>driving_annotation_dataset</folder>
		<filename>AUAU010009.jpg</filename>
		<size>
			<width>640</width>
			<height>640</height>
			<depth>3</depth>
		</size>
		<object>
			<name>SMV</name>
			<pose>Unspecified</pose>
			<truncated>0</truncated>
			<difficult>0</difficult>
			<bndbox>
				<xmin>140</xmin>
				<ymin>348</ymin>
				<xmax>181</xmax>
				<ymax>390</ymax>
			</bndbox>
		</object>
		<object>
			<name>SMV</name>
			<pose>Unspecified</pose>
			<truncated>0</truncated>
			<difficult>0</difficult>
			<bndbox>
				<xmin>371</xmin>
				<ymin>426</ymin>
				<xmax>415</xmax>
				<ymax>471</ymax>
			</bndbox>
		</object>
		<object>
			<name>SMV</name>
			<pose>Unspecified</pose>
			<truncated>0</truncated>
			<difficult>0</difficult>
			<bndbox>
				<xmin>412</xmin>
				<ymin>477</ymin>
				<xmax>454</xmax>
				<ymax>521</ymax>
			</bndbox>
		</object>
		<object>
			<name>SMV</name>
			<pose>Unspecified</pose>
			<truncated>0</truncated>
			<difficult>0</difficult>
			<bndbox>
				<xmin>233</xmin>
				<ymin>271</ymin>
				<xmax>279</xmax>
				<ymax>315</ymax>
			</bndbox>
		</object>
		<object>
			<name>SMV</name>
			<pose>Unspecified</pose>
			<truncated>0</truncated>
			<difficult>0</difficult>
			<bndbox>
				<xmin>205</xmin>
				<ymin>238</ymin>
				<xmax>253</xmax>
				<ymax>283</ymax>
			</bndbox>
		</object>
		<object>
			<name>SMV</name>
			<pose>Unspecified</pose>
			<truncated>0</truncated>
			<difficult>0</difficult>
			<bndbox>
				<xmin>394</xmin>
				<ymin>450</ymin>
				<xmax>436</xmax>
				<ymax>495</ymax>
			</bndbox>
		</object>
		<object>
			<name>SMV</name>
			<pose>Unspecified</pose>
			<truncated>0</truncated>
			<difficult>0</difficult>
			<bndbox>
				<xmin>259</xmin>
				<ymin>301</ymin>
				<xmax>302</xmax>
				<ymax>345</ymax>
			</bndbox>
		</object>
		<object>
			<name>SMV</name>
			<pose>Unspecified</pose>
			<truncated>0</truncated>
			<difficult>0</difficult>
			<bndbox>
				<xmin>66</xmin>
				<ymin>262</ymin>
				<xmax>108</xmax>
				<ymax>304</ymax>
			</bndbox>
		</object>
		<object>
			<name>SMV</name>
			<pose>Unspecified</pose>
			<truncated>0</truncated>
			<difficult>0</difficult>
			<bndbox>
				<xmin>103</xmin>
				<ymin>307</ymin>
				<xmax>147</xmax>
				<ymax>350</ymax>
			</bndbox>
		</object>
		<object>
			<name>SMV</name>
			<pose>Unspecified</pose>
			<truncated>0</truncated>
			<difficult>0</difficult>
			<bndbox>
				<xmin>346</xmin>
				<ymin>400</ymin>
				<xmax>388</xmax>
				<ymax>442</ymax>
			</bndbox>
		</object>
	</annotation>
