<?xml version="1.0" encoding="utf-8"?>
	<annotation>
		<folder>driving_annotation_dataset</folder>
		<filename>AUAU010006.jpg</filename>
		<size>
			<width>640</width>
			<height>640</height>
			<depth>3</depth>
		</size>
		<object>
			<name>LMV</name>
			<pose>Unspecified</pose>
			<truncated>0</truncated>
			<difficult>0</difficult>
			<bndbox>
				<xmin>242</xmin>
				<ymin>575</ymin>
				<xmax>300</xmax>
				<ymax>641</ymax>
			</bndbox>
		</object>
		<object>
			<name>MCV</name>
			<pose>Unspecified</pose>
			<truncated>0</truncated>
			<difficult>0</difficult>
			<bndbox>
				<xmin>506</xmin>
				<ymin>476</ymin>
				<xmax>544</xmax>
				<ymax>522</ymax>
			</bndbox>
		</object>
		<object>
			<name>MCV</name>
			<pose>Unspecified</pose>
			<truncated>0</truncated>
			<difficult>0</difficult>
			<bndbox>
				<xmin>565</xmin>
				<ymin>516</ymin>
				<xmax>601</xmax>
				<ymax>560</ymax>
			</bndbox>
		</object>
		<object>
			<name>LMV</name>
			<pose>Unspecified</pose>
			<truncated>0</truncated>
			<difficult>0</difficult>
			<bndbox>
				<xmin>480</xmin>
				<ymin>609</ymin>
				<xmax>518</xmax>
				<ymax>641</ymax>
			</bndbox>
		</object>
		<object>
			<name>MCV</name>
			<pose>Unspecified</pose>
			<truncated>0</truncated>
			<difficult>0</difficult>
			<bndbox>
				<xmin>537</xmin>
				<ymin>499</ymin>
				<xmax>576</xmax>
				<ymax>545</ymax>
			</bndbox>
		</object>
		<object>
			<name>MCV</name>
			<pose>Unspecified</pose>
			<truncated>0</truncated>
			<difficult>0</difficult>
			<bndbox>
				<xmin>605</xmin>
				<ymin>439</ymin>
				<xmax>640</xmax>
				<ymax>498</ymax>
			</bndbox>
		</object>
		<object>
			<name>LMV</name>
			<pose>Unspecified</pose>
			<truncated>0</truncated>
			<difficult>0</difficult>
			<bndbox>
				<xmin>278</xmin>
				<ymin>605</ymin>
				<xmax>316</xmax>
				<ymax>641</ymax>
			</bndbox>
		</object>
		<object>
			<name>LMV</name>
			<pose>Unspecified</pose>
			<truncated>0</truncated>
			<difficult>0</difficult>
			<bndbox>
				<xmin>625</xmin>
				<ymin>154</ymin>
				<xmax>640</xmax>
				<ymax>204</ymax>
			</bndbox>
		</object>
		<object>
			<name>MCV</name>
			<pose>Unspecified</pose>
			<truncated>0</truncated>
			<difficult>0</difficult>
			<bndbox>
				<xmin>583</xmin>
				<ymin>537</ymin>
				<xmax>611</xmax>
				<ymax>573</ymax>
			</bndbox>
		</object>
		<object>
			<name>LMV</name>
			<pose>Unspecified</pose>
			<truncated>0</truncated>
			<difficult>0</difficult>
			<bndbox>
				<xmin>580</xmin>
				<ymin>2</ymin>
				<xmax>622</xmax>
				<ymax>31</ymax>
			</bndbox>
		</object>
		<object>
			<name>LMV</name>
			<pose>Unspecified</pose>
			<truncated>0</truncated>
			<difficult>0</difficult>
			<bndbox>
				<xmin>478</xmin>
				<ymin>66</ymin>
				<xmax>520</xmax>
				<ymax>126</ymax>
			</bndbox>
		</object>
		<object>
			<name>LMV</name>
			<pose>Unspecified</pose>
			<truncated>0</truncated>
			<difficult>0</difficult>
			<bndbox>
				<xmin>603</xmin>
				<ymin>1</ymin>
				<xmax>641</xmax>
				<ymax>49</ymax>
			</bndbox>
		</object>
		<object>
			<name>LMV</name>
			<pose>Unspecified</pose>
			<truncated>0</truncated>
			<difficult>0</difficult>
			<bndbox>
				<xmin>2</xmin>
				<ymin>563</ymin>
				<xmax>24</xmax>
				<ymax>611</ymax>
			</bndbox>
		</object>
		<object>
			<name>MCV</name>
			<pose>Unspecified</pose>
			<truncated>0</truncated>
			<difficult>0</difficult>
			<bndbox>
				<xmin>591</xmin>
				<ymin>242</ymin>
				<xmax>633</xmax>
				<ymax>300</ymax>
			</bndbox>
		</object>
		<object>
			<name>MCV</name>
			<pose>Unspecified</pose>
			<truncated>0</truncated>
			<difficult>0</difficult>
			<bndbox>
				<xmin>419</xmin>
				<ymin>397</ymin>
				<xmax>466</xmax>
				<ymax>461</ymax>
			</bndbox>
		</object>
		<object>
			<name>MCV</name>
			<pose>Unspecified</pose>
			<truncated>0</truncated>
			<difficult>0</difficult>
			<bndbox>
				<xmin>539</xmin>
				<ymin>216</ymin>
				<xmax>583</xmax>
				<ymax>272</ymax>
			</bndbox>
		</object>
		<object>
			<name>LMV</name>
			<pose>Unspecified</pose>
			<truncated>0</truncated>
			<difficult>0</difficult>
			<bndbox>
				<xmin>256</xmin>
				<ymin>193</ymin>
				<xmax>301</xmax>
				<ymax>253</ymax>
			</bndbox>
		</object>
		<object>
			<name>MCV</name>
			<pose>Unspecified</pose>
			<truncated>0</truncated>
			<difficult>0</difficult>
			<bndbox>
				<xmin>482</xmin>
				<ymin>447</ymin>
				<xmax>523</xmax>
				<ymax>505</ymax>
			</bndbox>
		</object>
		<object>
			<name>MCV</name>
			<pose>Unspecified</pose>
			<truncated>0</truncated>
			<difficult>0</difficult>
			<bndbox>
				<xmin>450</xmin>
				<ymin>421</ymin>
				<xmax>496</xmax>
				<ymax>484</ymax>
			</bndbox>
		</object>
		<object>
			<name>SMV</name>
			<pose>Unspecified</pose>
			<truncated>0</truncated>
			<difficult>0</difficult>
			<bndbox>
				<xmin>76</xmin>
				<ymin>616</ymin>
				<xmax>106</xmax>
				<ymax>641</ymax>
			</bndbox>
		</object>
		<object>
			<name>MCV</name>
			<pose>Unspecified</pose>
			<truncated>0</truncated>
			<difficult>0</difficult>
			<bndbox>
				<xmin>564</xmin>
				<ymin>229</ymin>
				<xmax>610</xmax>
				<ymax>288</ymax>
			</bndbox>
		</object>
		<object>
			<name>LMV</name>
			<pose>Unspecified</pose>
			<truncated>0</truncated>
			<difficult>0</difficult>
			<bndbox>
				<xmin>340</xmin>
				<ymin>257</ymin>
				<xmax>386</xmax>
				<ymax>309</ymax>
			</bndbox>
		</object>
		<object>
			<name>LMV</name>
			<pose>Unspecified</pose>
			<truncated>0</truncated>
			<difficult>0</difficult>
			<bndbox>
				<xmin>518</xmin>
				<ymin>373</ymin>
				<xmax>568</xmax>
				<ymax>435</ymax>
			</bndbox>
		</object>
		<object>
			<name>LMV</name>
			<pose>Unspecified</pose>
			<truncated>0</truncated>
			<difficult>0</difficult>
			<bndbox>
				<xmin>375</xmin>
				<ymin>105</ymin>
				<xmax>419</xmax>
				<ymax>157</ymax>
			</bndbox>
		</object>
		<object>
			<name>LMV</name>
			<pose>Unspecified</pose>
			<truncated>0</truncated>
			<difficult>0</difficult>
			<bndbox>
				<xmin>301</xmin>
				<ymin>306</ymin>
				<xmax>361</xmax>
				<ymax>382</ymax>
			</bndbox>
		</object>
		<object>
			<name>LMV</name>
			<pose>Unspecified</pose>
			<truncated>0</truncated>
			<difficult>0</difficult>
			<bndbox>
				<xmin>389</xmin>
				<ymin>16</ymin>
				<xmax>448</xmax>
				<ymax>90</ymax>
			</bndbox>
		</object>
		<object>
			<name>SMV</name>
			<pose>Unspecified</pose>
			<truncated>0</truncated>
			<difficult>0</difficult>
			<bndbox>
				<xmin>52</xmin>
				<ymin>603</ymin>
				<xmax>85</xmax>
				<ymax>641</ymax>
			</bndbox>
		</object>
		<object>
			<name>SMV</name>
			<pose>Unspecified</pose>
			<truncated>0</truncated>
			<difficult>0</difficult>
			<bndbox>
				<xmin>12</xmin>
				<ymin>574</ymin>
				<xmax>44</xmax>
				<ymax>612</ymax>
			</bndbox>
		</object>
		<object>
			<name>LMV</name>
			<pose>Unspecified</pose>
			<truncated>0</truncated>
			<difficult>0</difficult>
			<bndbox>
				<xmin>548</xmin>
				<ymin>392</ymin>
				<xmax>598</xmax>
				<ymax>450</ymax>
			</bndbox>
		</object>
		<object>
			<name>LMV</name>
			<pose>Unspecified</pose>
			<truncated>0</truncated>
			<difficult>0</difficult>
			<bndbox>
				<xmin>557</xmin>
				<ymin>121</ymin>
				<xmax>605</xmax>
				<ymax>181</ymax>
			</bndbox>
		</object>
		<object>
			<name>LMV</name>
			<pose>Unspecified</pose>
			<truncated>0</truncated>
			<difficult>0</difficult>
			<bndbox>
				<xmin>420</xmin>
				<ymin>305</ymin>
				<xmax>470</xmax>
				<ymax>360</ymax>
			</bndbox>
		</object>
		<object>
			<name>LMV</name>
			<pose>Unspecified</pose>
			<truncated>0</truncated>
			<difficult>0</difficult>
			<bndbox>
				<xmin>536</xmin>
				<ymin>103</ymin>
				<xmax>582</xmax>
				<ymax>163</ymax>
			</bndbox>
		</object>
		<object>
			<name>LMV</name>
			<pose>Unspecified</pose>
			<truncated>0</truncated>
			<difficult>0</difficult>
			<bndbox>
				<xmin>368</xmin>
				<ymin>5</ymin>
				<xmax>425</xmax>
				<ymax>77</ymax>
			</bndbox>
		</object>
		<object>
			<name>LMV</name>
			<pose>Unspecified</pose>
			<truncated>0</truncated>
			<difficult>0</difficult>
			<bndbox>
				<xmin>390</xmin>
				<ymin>366</ymin>
				<xmax>448</xmax>
				<ymax>440</ymax>
			</bndbox>
		</object>
		<object>
			<name>LMV</name>
			<pose>Unspecified</pose>
			<truncated>0</truncated>
			<difficult>0</difficult>
			<bndbox>
				<xmin>460</xmin>
				<ymin>325</ymin>
				<xmax>506</xmax>
				<ymax>385</ymax>
			</bndbox>
		</object>
		<object>
			<name>LMV</name>
			<pose>Unspecified</pose>
			<truncated>0</truncated>
			<difficult>0</difficult>
			<bndbox>
				<xmin>318</xmin>
				<ymin>236</ymin>
				<xmax>364</xmax>
				<ymax>293</ymax>
			</bndbox>
		</object>
		<object>
			<name>LMV</name>
			<pose>Unspecified</pose>
			<truncated>0</truncated>
			<difficult>0</difficult>
			<bndbox>
				<xmin>359</xmin>
				<ymin>347</ymin>
				<xmax>419</xmax>
				<ymax>423</ymax>
			</bndbox>
		</object>
		<object>
			<name>LMV</name>
			<pose>Unspecified</pose>
			<truncated>0</truncated>
			<difficult>0</difficult>
			<bndbox>
				<xmin>354</xmin>
				<ymin>91</ymin>
				<xmax>396</xmax>
				<ymax>147</ymax>
			</bndbox>
		</object>
		<object>
			<name>LMV</name>
			<pose>Unspecified</pose>
			<truncated>0</truncated>
			<difficult>0</difficult>
			<bndbox>
				<xmin>488</xmin>
				<ymin>346</ymin>
				<xmax>534</xmax>
				<ymax>404</ymax>
			</bndbox>
		</object>
		<object>
			<name>LMV</name>
			<pose>Unspecified</pose>
			<truncated>0</truncated>
			<difficult>0</difficult>
			<bndbox>
				<xmin>427</xmin>
				<ymin>47</ymin>
				<xmax>491</xmax>
				<ymax>133</ymax>
			</bndbox>
		</object>
		<object>
			<name>LMV</name>
			<pose>Unspecified</pose>
			<truncated>0</truncated>
			<difficult>0</difficult>
			<bndbox>
				<xmin>323</xmin>
				<ymin>313</ymin>
				<xmax>395</xmax>
				<ymax>404</ymax>
			</bndbox>
		</object>
		<object>
			<name>LMV</name>
			<pose>Unspecified</pose>
			<truncated>0</truncated>
			<difficult>0</difficult>
			<bndbox>
				<xmin>413</xmin>
				<ymin>32</ymin>
				<xmax>471</xmax>
				<ymax>108</ymax>
			</bndbox>
		</object>
		<object>
			<name>LMV</name>
			<pose>Unspecified</pose>
			<truncated>0</truncated>
			<difficult>0</difficult>
			<bndbox>
				<xmin>585</xmin>
				<ymin>139</ymin>
				<xmax>631</xmax>
				<ymax>199</ymax>
			</bndbox>
		</object>
		<object>
			<name>MCV</name>
			<pose>Unspecified</pose>
			<truncated>0</truncated>
			<difficult>0</difficult>
			<bndbox>
				<xmin>124</xmin>
				<ymin>234</ymin>
				<xmax>190</xmax>
				<ymax>290</ymax>
			</bndbox>
		</object>
		<object>
			<name>SMV</name>
			<pose>Unspecified</pose>
			<truncated>0</truncated>
			<difficult>0</difficult>
			<bndbox>
				<xmin>438</xmin>
				<ymin>588</ymin>
				<xmax>476</xmax>
				<ymax>629</ymax>
			</bndbox>
		</object>
		<object>
			<name>LMV</name>
			<pose>Unspecified</pose>
			<truncated>0</truncated>
			<difficult>0</difficult>
			<bndbox>
				<xmin>399</xmin>
				<ymin>130</ymin>
				<xmax>443</xmax>
				<ymax>178</ymax>
			</bndbox>
		</object>
		<object>
			<name>SMV</name>
			<pose>Unspecified</pose>
			<truncated>0</truncated>
			<difficult>0</difficult>
			<bndbox>
				<xmin>619</xmin>
				<ymin>20</ymin>
				<xmax>641</xmax>
				<ymax>58</ymax>
			</bndbox>
		</object>
		<object>
			<name>SMV</name>
			<pose>Unspecified</pose>
			<truncated>0</truncated>
			<difficult>0</difficult>
			<bndbox>
				<xmin>1</xmin>
				<ymin>12</ymin>
				<xmax>29</xmax>
				<ymax>58</ymax>
			</bndbox>
		</object>
		<object>
			<name>MCV</name>
			<pose>Unspecified</pose>
			<truncated>0</truncated>
			<difficult>0</difficult>
			<bndbox>
				<xmin>458</xmin>
				<ymin>148</ymin>
				<xmax>507</xmax>
				<ymax>218</ymax>
			</bndbox>
		</object>
	</annotation>
