<?xml version="1.0" encoding="utf-8"?>
	<annotation>
		<folder>driving_annotation_dataset</folder>
		<filename>AUAU010005.jpg</filename>
		<size>
			<width>640</width>
			<height>640</height>
			<depth>3</depth>
		</size>
		<object>
			<name>CV</name>
			<pose>Unspecified</pose>
			<truncated>0</truncated>
			<difficult>0</difficult>
			<bndbox>
				<xmin>113</xmin>
				<ymin>352</ymin>
				<xmax>136</xmax>
				<ymax>394</ymax>
			</bndbox>
		</object>
		<object>
			<name>CV</name>
			<pose>Unspecified</pose>
			<truncated>0</truncated>
			<difficult>0</difficult>
			<bndbox>
				<xmin>285</xmin>
				<ymin>358</ymin>
				<xmax>305</xmax>
				<ymax>399</ymax>
			</bndbox>
		</object>
		<object>
			<name>AFV</name>
			<pose>Unspecified</pose>
			<truncated>0</truncated>
			<difficult>0</difficult>
			<bndbox>
				<xmin>484</xmin>
				<ymin>209</ymin>
				<xmax>542</xmax>
				<ymax>277</ymax>
			</bndbox>
		</object>
	</annotation>
