<?xml version="1.0" encoding="utf-8"?>
	<annotation>
		<folder>driving_annotation_dataset</folder>
		<filename>AUAU010008.jpg</filename>
		<size>
			<width>640</width>
			<height>640</height>
			<depth>3</depth>
		</size>
		<object>
			<name>LMV</name>
			<pose>Unspecified</pose>
			<truncated>0</truncated>
			<difficult>0</difficult>
			<bndbox>
				<xmin>199</xmin>
				<ymin>69</ymin>
				<xmax>278</xmax>
				<ymax>125</ymax>
			</bndbox>
		</object>
		<object>
			<name>CV</name>
			<pose>Unspecified</pose>
			<truncated>0</truncated>
			<difficult>0</difficult>
			<bndbox>
				<xmin>625</xmin>
				<ymin>550</ymin>
				<xmax>640</xmax>
				<ymax>600</ymax>
			</bndbox>
		</object>
		<object>
			<name>CV</name>
			<pose>Unspecified</pose>
			<truncated>0</truncated>
			<difficult>0</difficult>
			<bndbox>
				<xmin>54</xmin>
				<ymin>90</ymin>
				<xmax>80</xmax>
				<ymax>128</ymax>
			</bndbox>
		</object>
		<object>
			<name>CV</name>
			<pose>Unspecified</pose>
			<truncated>0</truncated>
			<difficult>0</difficult>
			<bndbox>
				<xmin>445</xmin>
				<ymin>190</ymin>
				<xmax>500</xmax>
				<ymax>240</ymax>
			</bndbox>
		</object>
		<object>
			<name>CV</name>
			<pose>Unspecified</pose>
			<truncated>0</truncated>
			<difficult>0</difficult>
			<bndbox>
				<xmin>607</xmin>
				<ymin>544</ymin>
				<xmax>639</xmax>
				<ymax>592</ymax>
			</bndbox>
		</object>
		<object>
			<name>CV</name>
			<pose>Unspecified</pose>
			<truncated>0</truncated>
			<difficult>0</difficult>
			<bndbox>
				<xmin>77</xmin>
				<ymin>101</ymin>
				<xmax>101</xmax>
				<ymax>149</ymax>
			</bndbox>
		</object>
		<object>
			<name>CV</name>
			<pose>Unspecified</pose>
			<truncated>0</truncated>
			<difficult>0</difficult>
			<bndbox>
				<xmin>267</xmin>
				<ymin>215</ymin>
				<xmax>311</xmax>
				<ymax>242</ymax>
			</bndbox>
		</object>
		<object>
			<name>CV</name>
			<pose>Unspecified</pose>
			<truncated>0</truncated>
			<difficult>0</difficult>
			<bndbox>
				<xmin>251</xmin>
				<ymin>234</ymin>
				<xmax>298</xmax>
				<ymax>264</ymax>
			</bndbox>
		</object>
		<object>
			<name>CV</name>
			<pose>Unspecified</pose>
			<truncated>0</truncated>
			<difficult>0</difficult>
			<bndbox>
				<xmin>99</xmin>
				<ymin>115</ymin>
				<xmax>127</xmax>
				<ymax>162</ymax>
			</bndbox>
		</object>
		<object>
			<name>CV</name>
			<pose>Unspecified</pose>
			<truncated>0</truncated>
			<difficult>0</difficult>
			<bndbox>
				<xmin>9</xmin>
				<ymin>42</ymin>
				<xmax>41</xmax>
				<ymax>95</ymax>
			</bndbox>
		</object>
		<object>
			<name>CV</name>
			<pose>Unspecified</pose>
			<truncated>0</truncated>
			<difficult>0</difficult>
			<bndbox>
				<xmin>558</xmin>
				<ymin>596</ymin>
				<xmax>600</xmax>
				<ymax>641</ymax>
			</bndbox>
		</object>
		<object>
			<name>CV</name>
			<pose>Unspecified</pose>
			<truncated>0</truncated>
			<difficult>0</difficult>
			<bndbox>
				<xmin>34</xmin>
				<ymin>61</ymin>
				<xmax>62</xmax>
				<ymax>107</ymax>
			</bndbox>
		</object>
		<object>
			<name>CV</name>
			<pose>Unspecified</pose>
			<truncated>0</truncated>
			<difficult>0</difficult>
			<bndbox>
				<xmin>536</xmin>
				<ymin>578</ymin>
				<xmax>577</xmax>
				<ymax>627</ymax>
			</bndbox>
		</object>
		<object>
			<name>CV</name>
			<pose>Unspecified</pose>
			<truncated>0</truncated>
			<difficult>0</difficult>
			<bndbox>
				<xmin>292</xmin>
				<ymin>175</ymin>
				<xmax>338</xmax>
				<ymax>202</ymax>
			</bndbox>
		</object>
		<object>
			<name>CV</name>
			<pose>Unspecified</pose>
			<truncated>0</truncated>
			<difficult>0</difficult>
			<bndbox>
				<xmin>590</xmin>
				<ymin>530</ymin>
				<xmax>628</xmax>
				<ymax>572</ymax>
			</bndbox>
		</object>
		<object>
			<name>CV</name>
			<pose>Unspecified</pose>
			<truncated>0</truncated>
			<difficult>0</difficult>
			<bndbox>
				<xmin>518</xmin>
				<ymin>547</ymin>
				<xmax>554</xmax>
				<ymax>591</ymax>
			</bndbox>
		</object>
		<object>
			<name>MCV</name>
			<pose>Unspecified</pose>
			<truncated>0</truncated>
			<difficult>0</difficult>
			<bndbox>
				<xmin>387</xmin>
				<ymin>269</ymin>
				<xmax>434</xmax>
				<ymax>329</ymax>
			</bndbox>
		</object>
	</annotation>
