<?xml version="1.0" encoding="utf-8"?>
	<annotation>
		<folder>driving_annotation_dataset</folder>
		<filename>AUAU010002.jpg</filename>
		<size>
			<width>640</width>
			<height>640</height>
			<depth>3</depth>
		</size>
		<object>
			<name>MCV</name>
			<pose>Unspecified</pose>
			<truncated>0</truncated>
			<difficult>0</difficult>
			<bndbox>
				<xmin>206</xmin>
				<ymin>489</ymin>
				<xmax>255</xmax>
				<ymax>556</ymax>
			</bndbox>
		</object>
		<object>
			<name>LMV</name>
			<pose>Unspecified</pose>
			<truncated>0</truncated>
			<difficult>0</difficult>
			<bndbox>
				<xmin>106</xmin>
				<ymin>102</ymin>
				<xmax>175</xmax>
				<ymax>212</ymax>
			</bndbox>
		</object>
		<object>
			<name>MCV</name>
			<pose>Unspecified</pose>
			<truncated>0</truncated>
			<difficult>0</difficult>
			<bndbox>
				<xmin>279</xmin>
				<ymin>529</ymin>
				<xmax>330</xmax>
				<ymax>609</ymax>
			</bndbox>
		</object>
		<object>
			<name>MCV</name>
			<pose>Unspecified</pose>
			<truncated>0</truncated>
			<difficult>0</difficult>
			<bndbox>
				<xmin>104</xmin>
				<ymin>442</ymin>
				<xmax>146</xmax>
				<ymax>504</ymax>
			</bndbox>
		</object>
		<object>
			<name>LMV</name>
			<pose>Unspecified</pose>
			<truncated>0</truncated>
			<difficult>0</difficult>
			<bndbox>
				<xmin>542</xmin>
				<ymin>321</ymin>
				<xmax>618</xmax>
				<ymax>441</ymax>
			</bndbox>
		</object>
		<object>
			<name>LMV</name>
			<pose>Unspecified</pose>
			<truncated>0</truncated>
			<difficult>0</difficult>
			<bndbox>
				<xmin>46</xmin>
				<ymin>76</ymin>
				<xmax>116</xmax>
				<ymax>206</ymax>
			</bndbox>
		</object>
		<object>
			<name>LMV</name>
			<pose>Unspecified</pose>
			<truncated>0</truncated>
			<difficult>0</difficult>
			<bndbox>
				<xmin>405</xmin>
				<ymin>240</ymin>
				<xmax>467</xmax>
				<ymax>334</ymax>
			</bndbox>
		</object>
		<object>
			<name>MCV</name>
			<pose>Unspecified</pose>
			<truncated>0</truncated>
			<difficult>0</difficult>
			<bndbox>
				<xmin>137</xmin>
				<ymin>452</ymin>
				<xmax>188</xmax>
				<ymax>524</ymax>
			</bndbox>
		</object>
		<object>
			<name>LMV</name>
			<pose>Unspecified</pose>
			<truncated>0</truncated>
			<difficult>0</difficult>
			<bndbox>
				<xmin>271</xmin>
				<ymin>181</ymin>
				<xmax>331</xmax>
				<ymax>269</ymax>
			</bndbox>
		</object>
		<object>
			<name>LMV</name>
			<pose>Unspecified</pose>
			<truncated>0</truncated>
			<difficult>0</difficult>
			<bndbox>
				<xmin>183</xmin>
				<ymin>127</ymin>
				<xmax>231</xmax>
				<ymax>197</ymax>
			</bndbox>
		</object>
		<object>
			<name>LMV</name>
			<pose>Unspecified</pose>
			<truncated>0</truncated>
			<difficult>0</difficult>
			<bndbox>
				<xmin>242</xmin>
				<ymin>164</ymin>
				<xmax>296</xmax>
				<ymax>249</ymax>
			</bndbox>
		</object>
		<object>
			<name>LMV</name>
			<pose>Unspecified</pose>
			<truncated>0</truncated>
			<difficult>0</difficult>
			<bndbox>
				<xmin>146</xmin>
				<ymin>117</ymin>
				<xmax>200</xmax>
				<ymax>208</ymax>
			</bndbox>
		</object>
		<object>
			<name>LMV</name>
			<pose>Unspecified</pose>
			<truncated>0</truncated>
			<difficult>0</difficult>
			<bndbox>
				<xmin>85</xmin>
				<ymin>89</ymin>
				<xmax>148</xmax>
				<ymax>205</ymax>
			</bndbox>
		</object>
		<object>
			<name>MCV</name>
			<pose>Unspecified</pose>
			<truncated>0</truncated>
			<difficult>0</difficult>
			<bndbox>
				<xmin>69</xmin>
				<ymin>426</ymin>
				<xmax>108</xmax>
				<ymax>479</ymax>
			</bndbox>
		</object>
		<object>
			<name>LMV</name>
			<pose>Unspecified</pose>
			<truncated>0</truncated>
			<difficult>0</difficult>
			<bndbox>
				<xmin>311</xmin>
				<ymin>199</ymin>
				<xmax>365</xmax>
				<ymax>285</ymax>
			</bndbox>
		</object>
		<object>
			<name>LMV</name>
			<pose>Unspecified</pose>
			<truncated>0</truncated>
			<difficult>0</difficult>
			<bndbox>
				<xmin>338</xmin>
				<ymin>205</ymin>
				<xmax>398</xmax>
				<ymax>303</ymax>
			</bndbox>
		</object>
		<object>
			<name>LMV</name>
			<pose>Unspecified</pose>
			<truncated>0</truncated>
			<difficult>0</difficult>
			<bndbox>
				<xmin>470</xmin>
				<ymin>276</ymin>
				<xmax>540</xmax>
				<ymax>377</ymax>
			</bndbox>
		</object>
		<object>
			<name>LMV</name>
			<pose>Unspecified</pose>
			<truncated>0</truncated>
			<difficult>0</difficult>
			<bndbox>
				<xmin>202</xmin>
				<ymin>142</ymin>
				<xmax>256</xmax>
				<ymax>224</ymax>
			</bndbox>
		</object>
		<object>
			<name>SMV</name>
			<pose>Unspecified</pose>
			<truncated>0</truncated>
			<difficult>0</difficult>
			<bndbox>
				<xmin>431</xmin>
				<ymin>399</ymin>
				<xmax>470</xmax>
				<ymax>447</ymax>
			</bndbox>
		</object>
		<object>
			<name>LMV</name>
			<pose>Unspecified</pose>
			<truncated>0</truncated>
			<difficult>0</difficult>
			<bndbox>
				<xmin>352</xmin>
				<ymin>560</ymin>
				<xmax>412</xmax>
				<ymax>641</ymax>
			</bndbox>
		</object>
		<object>
			<name>MCV</name>
			<pose>Unspecified</pose>
			<truncated>0</truncated>
			<difficult>0</difficult>
			<bndbox>
				<xmin>147</xmin>
				<ymin>585</ymin>
				<xmax>191</xmax>
				<ymax>639</ymax>
			</bndbox>
		</object>
		<object>
			<name>LMV</name>
			<pose>Unspecified</pose>
			<truncated>0</truncated>
			<difficult>0</difficult>
			<bndbox>
				<xmin>2</xmin>
				<ymin>379</ymin>
				<xmax>26</xmax>
				<ymax>451</ymax>
			</bndbox>
		</object>
		<object>
			<name>MCV</name>
			<pose>Unspecified</pose>
			<truncated>0</truncated>
			<difficult>0</difficult>
			<bndbox>
				<xmin>243</xmin>
				<ymin>500</ymin>
				<xmax>287</xmax>
				<ymax>558</ymax>
			</bndbox>
		</object>
		<object>
			<name>MCV</name>
			<pose>Unspecified</pose>
			<truncated>0</truncated>
			<difficult>0</difficult>
			<bndbox>
				<xmin>21</xmin>
				<ymin>393</ymin>
				<xmax>55</xmax>
				<ymax>435</ymax>
			</bndbox>
		</object>
	</annotation>
