<?xml version="1.0" encoding="utf-8"?>
	<annotation>
		<folder>driving_annotation_dataset</folder>
		<filename>AUAU010001.jpg</filename>
		<size>
			<width>640</width>
			<height>640</height>
			<depth>3</depth>
		</size>
		<object>
			<name>LMV</name>
			<pose>Unspecified</pose>
			<truncated>0</truncated>
			<difficult>0</difficult>
			<bndbox>
				<xmin>315</xmin>
				<ymin>90</ymin>
				<xmax>423</xmax>
				<ymax>276</ymax>
			</bndbox>
		</object>
		<object>
			<name>LMV</name>
			<pose>Unspecified</pose>
			<truncated>0</truncated>
			<difficult>0</difficult>
			<bndbox>
				<xmin>21</xmin>
				<ymin>254</ymin>
				<xmax>65</xmax>
				<ymax>315</ymax>
			</bndbox>
		</object>
		<object>
			<name>MCV</name>
			<pose>Unspecified</pose>
			<truncated>0</truncated>
			<difficult>0</difficult>
			<bndbox>
				<xmin>67</xmin>
				<ymin>60</ymin>
				<xmax>114</xmax>
				<ymax>142</ymax>
			</bndbox>
		</object>
		<object>
			<name>LMV</name>
			<pose>Unspecified</pose>
			<truncated>0</truncated>
			<difficult>0</difficult>
			<bndbox>
				<xmin>349</xmin>
				<ymin>404</ymin>
				<xmax>397</xmax>
				<ymax>470</ymax>
			</bndbox>
		</object>
		<object>
			<name>MCV</name>
			<pose>Unspecified</pose>
			<truncated>0</truncated>
			<difficult>0</difficult>
			<bndbox>
				<xmin>258</xmin>
				<ymin>158</ymin>
				<xmax>308</xmax>
				<ymax>236</ymax>
			</bndbox>
		</object>
		<object>
			<name>LMV</name>
			<pose>Unspecified</pose>
			<truncated>0</truncated>
			<difficult>0</difficult>
			<bndbox>
				<xmin>480</xmin>
				<ymin>263</ymin>
				<xmax>538</xmax>
				<ymax>345</ymax>
			</bndbox>
		</object>
		<object>
			<name>MCV</name>
			<pose>Unspecified</pose>
			<truncated>0</truncated>
			<difficult>0</difficult>
			<bndbox>
				<xmin>124</xmin>
				<ymin>115</ymin>
				<xmax>164</xmax>
				<ymax>175</ymax>
			</bndbox>
		</object>
		<object>
			<name>AFV</name>
			<pose>Unspecified</pose>
			<truncated>0</truncated>
			<difficult>0</difficult>
			<bndbox>
				<xmin>391</xmin>
				<ymin>422</ymin>
				<xmax>433</xmax>
				<ymax>482</ymax>
			</bndbox>
		</object>
		<object>
			<name>LMV</name>
			<pose>Unspecified</pose>
			<truncated>0</truncated>
			<difficult>0</difficult>
			<bndbox>
				<xmin>287</xmin>
				<ymin>114</ymin>
				<xmax>367</xmax>
				<ymax>250</ymax>
			</bndbox>
		</object>
		<object>
			<name>MCV</name>
			<pose>Unspecified</pose>
			<truncated>0</truncated>
			<difficult>0</difficult>
			<bndbox>
				<xmin>94</xmin>
				<ymin>82</ymin>
				<xmax>143</xmax>
				<ymax>160</ymax>
			</bndbox>
		</object>
		<object>
			<name>MCV</name>
			<pose>Unspecified</pose>
			<truncated>0</truncated>
			<difficult>0</difficult>
			<bndbox>
				<xmin>35</xmin>
				<ymin>41</ymin>
				<xmax>91</xmax>
				<ymax>132</ymax>
			</bndbox>
		</object>
		<object>
			<name>MCV</name>
			<pose>Unspecified</pose>
			<truncated>0</truncated>
			<difficult>0</difficult>
			<bndbox>
				<xmin>154</xmin>
				<ymin>129</ymin>
				<xmax>196</xmax>
				<ymax>192</ymax>
			</bndbox>
		</object>
		<object>
			<name>MCV</name>
			<pose>Unspecified</pose>
			<truncated>0</truncated>
			<difficult>0</difficult>
			<bndbox>
				<xmin>10</xmin>
				<ymin>39</ymin>
				<xmax>56</xmax>
				<ymax>117</ymax>
			</bndbox>
		</object>
		<object>
			<name>SMV</name>
			<pose>Unspecified</pose>
			<truncated>0</truncated>
			<difficult>0</difficult>
			<bndbox>
				<xmin>127</xmin>
				<ymin>297</ymin>
				<xmax>163</xmax>
				<ymax>345</ymax>
			</bndbox>
		</object>
		<object>
			<name>SMV</name>
			<pose>Unspecified</pose>
			<truncated>0</truncated>
			<difficult>0</difficult>
			<bndbox>
				<xmin>512</xmin>
				<ymin>482</ymin>
				<xmax>546</xmax>
				<ymax>528</ymax>
			</bndbox>
		</object>
		<object>
			<name>SMV</name>
			<pose>Unspecified</pose>
			<truncated>0</truncated>
			<difficult>0</difficult>
			<bndbox>
				<xmin>55</xmin>
				<ymin>261</ymin>
				<xmax>91</xmax>
				<ymax>312</ymax>
			</bndbox>
		</object>
		<object>
			<name>LMV</name>
			<pose>Unspecified</pose>
			<truncated>0</truncated>
			<difficult>0</difficult>
			<bndbox>
				<xmin>355</xmin>
				<ymin>112</ymin>
				<xmax>459</xmax>
				<ymax>289</ymax>
			</bndbox>
		</object>
		<object>
			<name>SMV</name>
			<pose>Unspecified</pose>
			<truncated>0</truncated>
			<difficult>0</difficult>
			<bndbox>
				<xmin>175</xmin>
				<ymin>411</ymin>
				<xmax>203</xmax>
				<ymax>447</ymax>
			</bndbox>
		</object>
		<object>
			<name>SMV</name>
			<pose>Unspecified</pose>
			<truncated>0</truncated>
			<difficult>0</difficult>
			<bndbox>
				<xmin>81</xmin>
				<ymin>272</ymin>
				<xmax>117</xmax>
				<ymax>320</ymax>
			</bndbox>
		</object>
		<object>
			<name>SMV</name>
			<pose>Unspecified</pose>
			<truncated>0</truncated>
			<difficult>0</difficult>
			<bndbox>
				<xmin>542</xmin>
				<ymin>497</ymin>
				<xmax>576</xmax>
				<ymax>541</ymax>
			</bndbox>
		</object>
		<object>
			<name>LMV</name>
			<pose>Unspecified</pose>
			<truncated>0</truncated>
			<difficult>0</difficult>
			<bndbox>
				<xmin>392</xmin>
				<ymin>216</ymin>
				<xmax>454</xmax>
				<ymax>306</ymax>
			</bndbox>
		</object>
		<object>
			<name>SMV</name>
			<pose>Unspecified</pose>
			<truncated>0</truncated>
			<difficult>0</difficult>
			<bndbox>
				<xmin>153</xmin>
				<ymin>308</ymin>
				<xmax>188</xmax>
				<ymax>356</ymax>
			</bndbox>
		</object>
		<object>
			<name>SMV</name>
			<pose>Unspecified</pose>
			<truncated>0</truncated>
			<difficult>0</difficult>
			<bndbox>
				<xmin>425</xmin>
				<ymin>440</ymin>
				<xmax>461</xmax>
				<ymax>490</ymax>
			</bndbox>
		</object>
		<object>
			<name>SMV</name>
			<pose>Unspecified</pose>
			<truncated>0</truncated>
			<difficult>0</difficult>
			<bndbox>
				<xmin>204</xmin>
				<ymin>333</ymin>
				<xmax>242</xmax>
				<ymax>380</ymax>
			</bndbox>
		</object>
		<object>
			<name>SMV</name>
			<pose>Unspecified</pose>
			<truncated>0</truncated>
			<difficult>0</difficult>
			<bndbox>
				<xmin>178</xmin>
				<ymin>318</ymin>
				<xmax>215</xmax>
				<ymax>368</ymax>
			</bndbox>
		</object>
		<object>
			<name>SMV</name>
			<pose>Unspecified</pose>
			<truncated>0</truncated>
			<difficult>0</difficult>
			<bndbox>
				<xmin>454</xmin>
				<ymin>453</ymin>
				<xmax>490</xmax>
				<ymax>501</ymax>
			</bndbox>
		</object>
		<object>
			<name>LMV</name>
			<pose>Unspecified</pose>
			<truncated>0</truncated>
			<difficult>0</difficult>
			<bndbox>
				<xmin>544</xmin>
				<ymin>293</ymin>
				<xmax>594</xmax>
				<ymax>377</ymax>
			</bndbox>
		</object>
		<object>
			<name>MCV</name>
			<pose>Unspecified</pose>
			<truncated>0</truncated>
			<difficult>0</difficult>
			<bndbox>
				<xmin>376</xmin>
				<ymin>1</ymin>
				<xmax>418</xmax>
				<ymax>29</ymax>
			</bndbox>
		</object>
	</annotation>
