<?xml version="1.0" encoding="utf-8"?>
	<annotation>
		<folder>driving_annotation_dataset</folder>
		<filename>AUAU010004.jpg</filename>
		<size>
			<width>640</width>
			<height>640</height>
			<depth>3</depth>
		</size>
		<object>
			<name>LMV</name>
			<pose>Unspecified</pose>
			<truncated>0</truncated>
			<difficult>0</difficult>
			<bndbox>
				<xmin>168</xmin>
				<ymin>548</ymin>
				<xmax>210</xmax>
				<ymax>610</ymax>
			</bndbox>
		</object>
		<object>
			<name>LMV</name>
			<pose>Unspecified</pose>
			<truncated>0</truncated>
			<difficult>0</difficult>
			<bndbox>
				<xmin>568</xmin>
				<ymin>502</ymin>
				<xmax>606</xmax>
				<ymax>562</ymax>
			</bndbox>
		</object>
		<object>
			<name>SMV</name>
			<pose>Unspecified</pose>
			<truncated>0</truncated>
			<difficult>0</difficult>
			<bndbox>
				<xmin>533</xmin>
				<ymin>501</ymin>
				<xmax>565</xmax>
				<ymax>545</ymax>
			</bndbox>
		</object>
		<object>
			<name>CV</name>
			<pose>Unspecified</pose>
			<truncated>0</truncated>
			<difficult>0</difficult>
			<bndbox>
				<xmin>218</xmin>
				<ymin>118</ymin>
				<xmax>256</xmax>
				<ymax>151</ymax>
			</bndbox>
		</object>
		<object>
			<name>MCV</name>
			<pose>Unspecified</pose>
			<truncated>0</truncated>
			<difficult>0</difficult>
			<bndbox>
				<xmin>64</xmin>
				<ymin>355</ymin>
				<xmax>106</xmax>
				<ymax>413</ymax>
			</bndbox>
		</object>
		<object>
			<name>LMV</name>
			<pose>Unspecified</pose>
			<truncated>0</truncated>
			<difficult>0</difficult>
			<bndbox>
				<xmin>94</xmin>
				<ymin>268</ymin>
				<xmax>168</xmax>
				<ymax>320</ymax>
			</bndbox>
		</object>
		<object>
			<name>CV</name>
			<pose>Unspecified</pose>
			<truncated>0</truncated>
			<difficult>0</difficult>
			<bndbox>
				<xmin>2</xmin>
				<ymin>20</ymin>
				<xmax>24</xmax>
				<ymax>54</ymax>
			</bndbox>
		</object>
		<object>
			<name>SMV</name>
			<pose>Unspecified</pose>
			<truncated>0</truncated>
			<difficult>0</difficult>
			<bndbox>
				<xmin>611</xmin>
				<ymin>544</ymin>
				<xmax>639</xmax>
				<ymax>584</ymax>
			</bndbox>
		</object>
		<object>
			<name>CV</name>
			<pose>Unspecified</pose>
			<truncated>0</truncated>
			<difficult>0</difficult>
			<bndbox>
				<xmin>113</xmin>
				<ymin>407</ymin>
				<xmax>149</xmax>
				<ymax>458</ymax>
			</bndbox>
		</object>
		<object>
			<name>SMV</name>
			<pose>Unspecified</pose>
			<truncated>0</truncated>
			<difficult>0</difficult>
			<bndbox>
				<xmin>591</xmin>
				<ymin>534</ymin>
				<xmax>623</xmax>
				<ymax>574</ymax>
			</bndbox>
		</object>
		<object>
			<name>CV</name>
			<pose>Unspecified</pose>
			<truncated>0</truncated>
			<difficult>0</difficult>
			<bndbox>
				<xmin>163</xmin>
				<ymin>108</ymin>
				<xmax>191</xmax>
				<ymax>146</ymax>
			</bndbox>
		</object>
		<object>
			<name>CV</name>
			<pose>Unspecified</pose>
			<truncated>0</truncated>
			<difficult>0</difficult>
			<bndbox>
				<xmin>52</xmin>
				<ymin>42</ymin>
				<xmax>84</xmax>
				<ymax>88</ymax>
			</bndbox>
		</object>
		<object>
			<name>CV</name>
			<pose>Unspecified</pose>
			<truncated>0</truncated>
			<difficult>0</difficult>
			<bndbox>
				<xmin>185</xmin>
				<ymin>115</ymin>
				<xmax>213</xmax>
				<ymax>151</ymax>
			</bndbox>
		</object>
		<object>
			<name>CV</name>
			<pose>Unspecified</pose>
			<truncated>0</truncated>
			<difficult>0</difficult>
			<bndbox>
				<xmin>16</xmin>
				<ymin>28</ymin>
				<xmax>42</xmax>
				<ymax>62</ymax>
			</bndbox>
		</object>
		<object>
			<name>CV</name>
			<pose>Unspecified</pose>
			<truncated>0</truncated>
			<difficult>0</difficult>
			<bndbox>
				<xmin>73</xmin>
				<ymin>56</ymin>
				<xmax>100</xmax>
				<ymax>94</ymax>
			</bndbox>
		</object>
		<object>
			<name>CV</name>
			<pose>Unspecified</pose>
			<truncated>0</truncated>
			<difficult>0</difficult>
			<bndbox>
				<xmin>91</xmin>
				<ymin>65</ymin>
				<xmax>119</xmax>
				<ymax>103</ymax>
			</bndbox>
		</object>
		<object>
			<name>CV</name>
			<pose>Unspecified</pose>
			<truncated>0</truncated>
			<difficult>0</difficult>
			<bndbox>
				<xmin>35</xmin>
				<ymin>35</ymin>
				<xmax>59</xmax>
				<ymax>71</ymax>
			</bndbox>
		</object>
		<object>
			<name>CV</name>
			<pose>Unspecified</pose>
			<truncated>0</truncated>
			<difficult>0</difficult>
			<bndbox>
				<xmin>145</xmin>
				<ymin>97</ymin>
				<xmax>173</xmax>
				<ymax>137</ymax>
			</bndbox>
		</object>
		<object>
			<name>CV</name>
			<pose>Unspecified</pose>
			<truncated>0</truncated>
			<difficult>0</difficult>
			<bndbox>
				<xmin>125</xmin>
				<ymin>88</ymin>
				<xmax>153</xmax>
				<ymax>126</ymax>
			</bndbox>
		</object>
		<object>
			<name>CV</name>
			<pose>Unspecified</pose>
			<truncated>0</truncated>
			<difficult>0</difficult>
			<bndbox>
				<xmin>111</xmin>
				<ymin>74</ymin>
				<xmax>138</xmax>
				<ymax>111</ymax>
			</bndbox>
		</object>
		<object>
			<name>MCV</name>
			<pose>Unspecified</pose>
			<truncated>0</truncated>
			<difficult>0</difficult>
			<bndbox>
				<xmin>515</xmin>
				<ymin>435</ymin>
				<xmax>555</xmax>
				<ymax>507</ymax>
			</bndbox>
		</object>
		<object>
			<name>MCV</name>
			<pose>Unspecified</pose>
			<truncated>0</truncated>
			<difficult>0</difficult>
			<bndbox>
				<xmin>28</xmin>
				<ymin>375</ymin>
				<xmax>62</xmax>
				<ymax>415</ymax>
			</bndbox>
		</object>
	</annotation>
